,loss,val_loss
0,0.14744283258914948,0.11951210349798203
